ID,parentID,basionymID,nameStatus,status,rank,extinct,temporalRangeStart,temporalRangeEnd,scientificName,authorship,nameReferenceID,namePublishedInPage,namePublishedInPageLink,link,referenceID,remarks
k,,,,,kingdom,,,,Animalia,,,,,,,
p,k,,,,phylum,,,,Chordata,,,,,,,
c,p,,,,class,,,,Mammalia,,,,,,,
o,c,,,,order,,,,Primates,,,,,,,
f,o,,,,family,,,,Hominidae,"Gray, 1825",Gray1825,,,https://en.wikipedia.org/wiki/Hominidae,,
f2,f,,,synonym,family,,,,Pongidae,"Elliot, 1913",,,,,,
f3,f,,,synonym,family,,,,Gorillidae,"Frechkop, 1943",,,,,,
f4,f,,,synonym,family,,,,Panidae,"Ciochon, 1983",,,,,,



sfp,f,,,,subfamily,,,,Ponginae,,,,,https://en.wikipedia.org/wiki/Ponginae,,

tp,sfp,,,,tribe,,,,Pongini,,,,,https://en.wikipedia.org/wiki/Pongini,,
g5,tp,,,,genus,true,,,Khoratpithecus,"Chaimanee et al. 2004",Chaimanee2004,,,https://en.wikipedia.org/wiki/Khoratpithecus,,
500,g5,,,,species,true,,,Khoratpithecus ayeyarwadyensis,"Jaeger,  & Chaimanee, 2011",Jaeger2011,,,https://en.wikipedia.org/wiki/Khoratpithecus,,
501,g5,,,,species,true,,,Khoratpithecus piriyai,"Chaimanee et al. 2004",,,,https://en.wikipedia.org/wiki/Khoratpithecus,,
502,g5,503,,,species,true,12Ma,11Ma,Khoratpithecus chiangmuanensis,"(Chaimanee et al., 2003)",,,,https://en.wikipedia.org/wiki/Khoratpithecus,,
503,502,,,synonym,species,true,,,Lufengpithecus chiangmuanensis,"Chaimanee et al., 2003",Chaimanee2003,,,https://de.wikipedia.org/wiki/Lufengpithecus_chiangmuanensis,,

g6,tp,,,,genus,,,,Pongo,"Lacépède, 1799",,,,https://en.wikipedia.org/wiki/Orangutan,,
600,g6,,,,species,true,,,Pongo hooijeri,"Schwartz et al. 1995",Schwartz1995,,,https://en.wikipedia.org/wiki/Pongo_hooijeri,,
601,g6,,,,species,true,,,Pongo weidenreichi,"Hooijer, 1948",,,,https://en.wikipedia.org/wiki/Pongo_weidenreichi,,
601b,601,,,synonym,subspecies,,,,Pongo pygmaeus weidenreichi,"(Hooijer, 1948)",,,,https://en.wikipedia.org/wiki/Pongo_weidenreichi,,
601c,601,,,synonym,subspecies,,,,Pongo pygmaeus ciochoni,"(Schwartz, Long, Cuong, Kha & Tattersall, 1995)",,,,https://en.wikipedia.org/wiki/Pongo_weidenreichi,,
601d,601,,,synonym,subspecies,,,,Pongo pygmaeus fromageti,"(Schwartz, Long, Cuong, Kha & Tattersall, 1995)",,,,https://en.wikipedia.org/wiki/Pongo_weidenreichi,,
601e,601,,,synonym,subspecies,,,,Pongo pygmaeus kahlkei,"(Schwartz, Long, Cuong, Kha & Tattersall, 1995)",,,,https://en.wikipedia.org/wiki/Pongo_weidenreichi,,
602,g6,,,,species,false,,,Pongo abelii,"Lesson, 1827",Lesson1827,32,,https://en.wikipedia.org/wiki/Sumatran_orangutan,,
603,g6,,,,species,false,,,Pongo pygmaeus,"(Linnaeus, 1760)",,,,https://en.wikipedia.org/wiki/Bornean_orangutan,,
603-1,603,,,,subspecies,false,,,Pongo pygmaeus morio,"(Owen, 1837)",,,,https://en.wikipedia.org/wiki/Bornean_orangutan,,
603-2,603,,,,subspecies,false,,,Pongo pygmaeus pygmaeus,,,,,https://en.wikipedia.org/wiki/Bornean_orangutan,,
603-3,603,,,,subspecies,false,,,Pongo pygmaeus wurmbii,"(Tiedemann, 1808)",,,,https://en.wikipedia.org/wiki/Bornean_orangutan,,
603b,603,,,synonym,species,,,,Pongo agris,"(Schreber, 1799)",,,,https://en.wikipedia.org/wiki/Bornean_orangutan,,
603c,603,,,synonym,species,,,,Pongo batangtuensis,"(Selenka, 1896)",,,,https://en.wikipedia.org/wiki/Bornean_orangutan,,
603d,603,,,synonym,species,,,,Pongo borneensis,"Röhrer-Ertl, 1983",,,,https://en.wikipedia.org/wiki/Bornean_orangutan,,
603e,603,,,synonym,species,,,,Pongo borneo,"(Lacépède, 1799)",,,,https://en.wikipedia.org/wiki/Bornean_orangutan,,
603f,603,,,synonym,species,,,,Pongo brookei,"(Blyth, 1853)",,,,https://en.wikipedia.org/wiki/Bornean_orangutan,,
603g,603,,,synonym,species,,,,Pongo curtus,"(Blyth, 1855)",,,,https://en.wikipedia.org/wiki/Bornean_orangutan,,
603h,603,,,synonym,species,,,,Pongo dadappensis,"(Selenka, 1896)",,,,https://en.wikipedia.org/wiki/Bornean_orangutan,,
603i,603,,,synonym,species,,,,Pongo genepaiensis,"(Selenka, 1896)",,,,https://en.wikipedia.org/wiki/Bornean_orangutan,,
603j,603,,,synonym,species,,,,Pongo landakkensis,"(Selenka, 1896)",,,,https://en.wikipedia.org/wiki/Bornean_orangutan,,
603k,603-1,,,synonym,species,,,,Pongo morio,"(Owen, 1837)",,,,https://en.wikipedia.org/wiki/Bornean_orangutan,,
603l,603,,,synonym,species,,,,Pongo owenii,"(Blyth, 1853)",,,,https://en.wikipedia.org/wiki/Bornean_orangutan,,
603m,603,,,synonym,species,,,,Pongo rantaiensis,"(Selenka, 1896)",,,,https://en.wikipedia.org/wiki/Bornean_orangutan,,
603n,603,,,synonym,species,,,,Pongo rufus,"(Lesson, 1840)",,,,https://en.wikipedia.org/wiki/Bornean_orangutan,,
603o,603,,,synonym,species,,,,Pongo satyrus,"(Linnaeus, 1766)",,,,https://en.wikipedia.org/wiki/Bornean_orangutan,,
603p,603,,,synonym,species,,,,Pongo skalauensis,"(Selenka, 1896)",,,,https://en.wikipedia.org/wiki/Bornean_orangutan,,
603q,603,,,synonym,species,,,,Pongo sumatranus,"(Mayer, 1856)",,,,https://en.wikipedia.org/wiki/Bornean_orangutan,,
603r,603,,,synonym,species,,,,Pongo tuakensis,"(Selenka, 1896)",,,,https://en.wikipedia.org/wiki/Bornean_orangutan,,
603s,603,,,synonym,species,,,,Pongo wallichii,"(Gray, 1871)",,,,https://en.wikipedia.org/wiki/Bornean_orangutan,,
603t,603-3,,,synonym,species,,,,Pongo wurmbii,"(Tiedemann, 1808)",,,,https://en.wikipedia.org/wiki/Bornean_orangutan,,
604,g6,,,,species,false,,,Pongo tapanuliensis,"Nurcahyo, Meijaard, Nowak, Fredriksson & Groves, 2017",Nater2017,,,https://en.wikipedia.org/wiki/Pongo_tapanuliensis,,

ts,sfp,,,,tribe,true,,,Sivapithecini,,,,,https://en.wikipedia.org/wiki/Sivapithecini,,
g4,ts,,,,genus,true,,,Ankarapithecus,"Alpagut et al., 1996",,,,https://en.wikipedia.org/wiki/Ankarapithecus,,
400,g4,,,,species,true,,,Ankarapithecus meteai,"Alpagut et al., 1996",,,,https://en.wikipedia.org/wiki/Ankarapithecus,,
g7,ts,,,,genus,true,12.5Ma,8.5 Ma,Sivapithecus,"Pilgrim, 1910",,,,https://en.wikipedia.org/wiki/Sivapithecus,,
700,g7,,,,species,true,,,Sivapithecus brevirostris,,,,,https://en.wikipedia.org/wiki/Sivapithecus,,
701,g7,,,,species,true,,,Sivapithecus punjabicus,,,,,https://en.wikipedia.org/wiki/Sivapithecus,,
702,g7,,,,species,true,,,Sivapithecus parvada,,,,,https://en.wikipedia.org/wiki/Sivapithecus,,
703,g7,,,,species,true,,,Sivapithecus sivalensis,,,,,https://en.wikipedia.org/wiki/Sivapithecus,,
704,g7,,,,species,true,,,Sivapithecus indicus,,,,,https://en.wikipedia.org/wiki/Sivapithecus,,
g8,ts,,,,genus,true,,,Gigantopithecus,,,,,https://en.wikipedia.org/wiki/Gigantopithecus,,
800,g8,,,,species,true,,,Gigantopithecus bilaspurensis,,,,,https://en.wikipedia.org/wiki/Gigantopithecus,,
801,g8,,,,species,true,,,Gigantopithecus blacki,"von Koenigswald, 1935",Koenigswald1935,,,https://en.wikipedia.org/wiki/Gigantopithecus,,
g9,ts,,,,genus,true,,,Indopithecus,"von Koenigswald, 1950",,,,https://en.wikipedia.org/wiki/Indopithecus,,
900,g9,,,,species,true,,,Indopithecus giganteus,"(Pilgrim, 1915)",,,,https://en.wikipedia.org/wiki/Indopithecus,,

tl,sfp,,,,tribe,true,,,Lufengpithecini,,,,,https://en.wikipedia.org/wiki/Pongini,,
g3,tl,,,,genus,true,,,Lufengpithecus,"Wu, 1987",,,,https://en.wikipedia.org/wiki/Lufengpithecus,,
300,g3,,,,species,true,,,Lufengpithecus lufengensis,,,,,https://en.wikipedia.org/wiki/Lufengpithecus,,
301,g3,,,,species,true,,,Lufengpithecus keiyuanensis,,,,,https://en.wikipedia.org/wiki/Lufengpithecus,,
302,g3,,,,species,true,,,Lufengpithecus hudienensis,,,,,https://en.wikipedia.org/wiki/Lufengpithecus,,



sfh,f,,,,subfamily,false,12.5 Ma,0 Ma,Homininae,"Gray, 1825",Gray1825,,,https://en.wikipedia.org/wiki/Homininae,,

tg,sfh,,,,tribe,false,,,Gorillini,,,,,https://en.wikipedia.org/wiki/Gorillini,,

g10,tg,,,,genus,true,,,Nakalipithecus,"Kunimatsu et al., 2007",Kunimatsu2007,,,https://en.wikipedia.org/wiki/Nakalipithecus,,
1000,g10,,,,species,true,9.9Ma,9.8Ma,Nakalipithecus nakayamai,"Kunimatsu et al., 2007",Kunimatsu2007,,,https://en.wikipedia.org/wiki/Nakalipithecus,,

g11,tg,,,,genus,false,,,Gorilla,"Geoffroy, 1852",,,,https://en.wikipedia.org/wiki/Gorilla,,
g11b,g11,,,synonym,genus,,,,Pseudogorilla,"Elliot, 1913",,,,https://en.wikipedia.org/wiki/Gorilla,,
1100,g11,1100b,,,species,false,,,Gorilla gorilla,"(Savage, 1847)",,,,https://en.wikipedia.org/wiki/Western_gorilla,,
1100b,1100,,,synonym,species,,,,Troglodytes gorilla,"Savage, 1847",,,,https://en.wikipedia.org/wiki/Gorilla,,
1101,1100,,,,subspecies,false,,,Gorilla gorilla gorilla,"(Savage, 1847)",,,,https://en.wikipedia.org/wiki/Western_lowland_gorilla,,
1102,1100,,,,subspecies,false,,,Gorilla gorilla diehli,"Matschie, 1904",,,,https://en.wikipedia.org/wiki/Cross_River_gorilla,,
1104,g11,,,,species,false,,,Gorilla beringei,"Matschie, 1903",,,,https://en.wikipedia.org/wiki/Eastern_gorilla,,
1105,1104,,,,subspecies,false,,,Gorilla beringei beringei,"Matschie, 1903",,,,https://en.wikipedia.org/wiki/Mountain_gorilla,,
1106,1104,,,,subspecies,false,,,Gorilla beringei graueri,"Matschie, 1914",,,,https://en.wikipedia.org/wiki/Eastern_lowland_gorilla,,

g12,tg,,,,genus,true,,,Chororapithecus,"Suwa et al., 2007",,,,https://en.wikipedia.org/wiki/Chororapithecus,,
1200,g12,,,,species,true,8Ma,8Ma,Chororapithecus abyssinicus,"Suwa et al., 2007",,,,https://en.wikipedia.org/wiki/Chororapithecus,,

td,sfh,,,,tribe,true,,,Dryopithecini,,,,,https://en.wikipedia.org/wiki/Dryopithecini,,

g13,td,,,,genus,true,,,Kenyapithecus,"Leakey, 1961",Leakey1961,,,https://en.wikipedia.org/wiki/Kenyapithecus,,
1300,g13,,,,species,true,,,Kenyapithecus wickeri,"Leakey, 1961",Leakey1961,,,https://en.wikipedia.org/wiki/Kenyapithecus,,
g14,td,,,,genus,true,,,Danuvius,"Böhme et al., 2019",,,,https://en.wikipedia.org/wiki/Danuvius_guggenmosi,,
1400,g14,,,,species,true,11.6Ma,11.6Ma,Danuvius guggenmosi,"Böhme et al., 2019",,,,https://en.wikipedia.org/wiki/Danuvius_guggenmosi,,
g15,td,,,,genus,true,,,Ouranopithecus,"Bonis & Melentis, 1977",,,,https://en.wikipedia.org/wiki/Ouranopithecus,,
1500,g15,,,,species,true,,,Ouranopithecus macedoniensis,"Bonis & Melentis, 1977",,,,https://en.wikipedia.org/wiki/Ouranopithecus_macedoniensis,,
1501,g15,,,,species,true,,,Ouranopithecus turkae,"Güleç, Sevim, Pehlevan & Kaya, 2007",,,,https://en.wikipedia.org/wiki/Ouranopithecus_turkae,,
g16,td,,,,genus,true,,,Otavipithecus,"Conroy et al 1992",Conroy1992,,,https://en.wikipedia.org/wiki/Otavipithecus,,
1600,g16,,,,species,true,,,Otavipithecus namibiensis,"Conroy et al 1992",Conroy1992,,,https://en.wikipedia.org/wiki/Otavipithecus,,
g17,td,,,,genus,true,,,Oreopithecus,"Gervais, 1872",Gervais1872,,,https://en.wikipedia.org/wiki/Oreopithecus,,
1700,g17,,,,species,true,,,Oreopithecus bambolii,"Gervais, 1872",Gervais1872,,,https://en.wikipedia.org/wiki/Oreopithecus,,
g18,td,,,,genus,true,,,Anoiapithecus,"Moyà-Solà et al., 2009",MoyaSola2009,,,https://en.wikipedia.org/wiki/Anoiapithecus,,
1800,g18,,,,species,true,,,Anoiapithecus brevirostris,"Moyà-Solà et al., 2009",MoyaSola2009,,,https://en.wikipedia.org/wiki/Anoiapithecus,,
g19,td,,,,genus,true,,,Dryopithecus,"Lartet, 1856",Lartet1856,,,https://en.wikipedia.org/wiki/Dryopithecus,,
1900,g19,,,,species,true,,,Dryopithecus wuduensis,"Xue & Delson, 1988",,,,https://de.wikipedia.org/wiki/Dryopithecus_wuduensis,,
1901,g19,,,,species,true,,,Dryopithecus fontani,"Lartet, 1856",Lartet1856,,,https://en.wikipedia.org/wiki/Dryopithecus,,
g20,td,,,,genus,true,11.1 Ma,9.5 Ma,Hispanopithecus,"de Villalta & Crusafont, 1944",Villalta1944,,,https://en.wikipedia.org/wiki/Hispanopithecus,,
2000,g20,,,,species,true,,,Hispanopithecus laietanus,"de Villalta & Crusafont, 1944",,,,https://en.wikipedia.org/wiki/Hispanopithecus,,
2001,g20,2002,,,species,true,10Ma,10Ma,Hispanopithecus crusafonti,"(Begun, 1992)",,,,https://de.wikipedia.org/wiki/Dryopithecus_crusafonti,,
2002,2001,,,synonym,species,,,,Dryopithecus crusafonti,"Begun, 1992",Begun1992,,,https://de.wikipedia.org/wiki/Dryopithecus_crusafonti,,

g21,td,,,,genus,true,,,Neopithecus,"Abel 1903",Abel1903,,,https://en.wikipedia.org/wiki/Dryopithecini,,
2100,g21,,,,species,true,,,Neopithecus brancoi,"Abel 1903",Abel1903,,,https://en.wikipedia.org/wiki/Dryopithecini,,
2101,2100,,UNACCEPTABLE,synonym,species,,,,Anthropodus brancoi,"Schlosser, 1901",Schlosser1901,,,https://en.wikipedia.org/wiki/Dryopithecini,,
2102,2100,,,synonym,species,,,,Dryopithecus brancoi,"(Schlosser, 1901)",,,,https://en.wikipedia.org/wiki/Dryopithecini,,
g22,td,,,,genus,true,,,Pierolapithecus,"Moyà-Solà et al., 2004",,,,https://en.wikipedia.org/wiki/Pierolapithecus,,
2200,g22,,,,species,true,,,Pierolapithecus catalaunicus,"Moyà-Solà et al., 2004",,,,https://en.wikipedia.org/wiki/Pierolapithecus,,
g23,td,,,,genus,true,,,Rudapithecus,"Kretzoi, 1969",,,,https://en.wikipedia.org/wiki/Rudapithecus,,
2300,g23,,,,species,true,,,Rudapithecus hungaricus,"Kretzoi, 1969",,,,https://en.wikipedia.org/wiki/Rudapithecus,,
g24,td,,,,genus,true,,,Samburupithecus,"Ishida & Pickford 1997",,,,https://en.wikipedia.org/wiki/Samburupithecus,,
2400,g24,,,,species,true,,,Samburupithecus kiptalami,"Ishida & Pickford 1997",,,,https://en.wikipedia.org/wiki/Samburupithecus,,
g25,td,,,,genus,true,,,Udabnopithecus,"Burtshak & Gabashvili 1945",,,,https://en.wikipedia.org/wiki/Dryopithecini,,
2500,g25,,,,species,true,,,Udabnopithecus garedziensis,"Burtshak & Gabashvili 1945",,,,https://en.wikipedia.org/wiki/Dryopithecini,,
g26,td,,,,genus,true,,,Griphopithecus,"Abel 1902",,,,https://en.wikipedia.org/wiki/Griphopithecus,,
2600,g26,,,,species,true,,,Griphopithecus alpani,"Tekkaya, 1974",,,,https://en.wikipedia.org/wiki/Griphopithecus_alpani,,
2601,g26,,,,species,true,,,Griphopithecus suessi,"Abel, 1902",,,,https://en.wikipedia.org/wiki/Griphopithecus_suessi,,

th,sfh,,,,tribe,false,,,Hominini,,,,,https://en.wikipedia.org/wiki/Hominini,,

g27,th,,,,genus,false,,,Pan,"Oken, 1816",,,,https://www.biodiversitylibrary.org/page/12229280#page/401/mode/1up,,
2700,2701,,,synonym,species,,,,Simia troglodytes,"Blumenbach, 1775",,,,https://www.biodiversitylibrary.org/page/12229664#page/330/mode/1up,,
2701,g27,2700,,,species,false,,,Pan troglodytes,"(Blumenbach, 1775)",,,,https://en.wikipedia.org/wiki/Chimpanzee,,
2702,2701,,,,subspecies,false,,,Pan troglodytes schweinfurthii,"Giglioli, 1872",,,,https://species.wikimedia.org/wiki/Pan_troglodytes_schweinfurthii,,
2703,2704,,invalid,synonym,subspecies,,,,Pan troglodytes vellerosus,"Gray, 1862",,,,https://species.wikimedia.org/wiki/Pan_troglodytes_vellerosus,,
2704,2701,,,,subspecies,false,,,Pan troglodytes troglodytes,"(Blumenbach, 1775)",,,,https://species.wikimedia.org/wiki/Pan_troglodytes_troglodytes,,
2705,2701,,,,subspecies,false,,,Pan troglodytes verus,"Schwarz, 1934",,,,https://species.wikimedia.org/wiki/Pan_troglodytes_verus,,
2706,2701,,,,subspecies,false,,,Pan troglodytes ellioti,"(Matschie,1914)",,,,https://species.wikimedia.org/wiki/Nigeria-Cameroon_chimpanzee,,
2710,g27,,,,species,false,,,Pan paniscus,"Schwarz, 1929",Schwarz1929,,,https://en.wikipedia.org/wiki/Chimpanzee,,

g2,th,,,,genus,true,,,Australopithecus,"R.A. Dart, 1925",Dart1925,,,https://en.wikipedia.org/wiki/Australopithecus,,
200,g2,,,,species,true,,,Australopithecus afarensis,"Johanson, White, and Coppens, 1978",,,,https://en.wikipedia.org/wiki/Australopithecus_afarensis,,
200b,200,,,synonym,species,,,,Australopithecus aethiopicus,"Tobias, 1980",,,,https://en.wikipedia.org/wiki/Australopithecus_afarensis,,
200c,200,,,synonym,species,,,,Homo aethiopicus,"(Tobias, 1980)",,,,https://en.wikipedia.org/wiki/Australopithecus_afarensis,,
200d,200,,,synonym,species,,,,Homo antiquus,"Ferguson, 1984",,,,https://en.wikipedia.org/wiki/Australopithecus_afarensis,,
200e,200,,,synonym,species,,,,Afaranthropus antiquus,"(Ferguson, 1984)",,,,https://en.wikipedia.org/wiki/Australopithecus_afarensis,,
200f,200,,,synonym,species,,,,Homo hadar,"Bonde and Westergaard, 2004",,,,https://en.wikipedia.org/wiki/Australopithecus_afarensis,,
200g,200,,,synonym,species,,,,Praeanthropus afarensis,"(Johanson, White & Coppens, 1978)",,,,https://en.wikipedia.org/wiki/Australopithecus_afarensis,,
201,g2,,,,species,true,,,Australopithecus anamensis,"M.G. Leakey et al., 1995",,,,https://en.wikipedia.org/wiki/Australopithecus_anamensis,,
201b,201,,,synonym,species,,,,Praeanthropus anamensis,,,,,https://en.wikipedia.org/wiki/Australopithecus_anamensis,,
202,g2,,,,species,true,,,Australopithecus africanus,"Dart, 1925",Dart1925,,,https://en.wikipedia.org/wiki/Australopithecus_africanus,,
202b,202,,,synonym,species,,,,Australopithecus transvaalensis,"Broom, 1936",,,,https://en.wikipedia.org/wiki/Australopithecus_africanus,,
202c,202,,,synonym,species,,,,Plesianthropus transvaalensis,"Broom, 1938",,,,https://en.wikipedia.org/wiki/Australopithecus_africanus,,
202d,202,,,synonym,species,,,,Australopithecus prometheus,"Dart, 1949",,,,https://en.wikipedia.org/wiki/Australopithecus_africanus,,
203,g2,,,,species,true,,,Australopithecus bahrelghazali,"Brunet et al., 1995",,,,https://en.wikipedia.org/wiki/Australopithecus_bahrelghazali,,
203b,203,,,synonym,species,,,,Praeanthropus bahrelghazali,,,,,https://en.wikipedia.org/wiki/Australopithecus_bahrelghazali,,
204,g2,,,,species,true,,,Australopithecus deyiremeda,"Haile-Selassie et al., 2015",,,,https://en.wikipedia.org/wiki/Australopithecus_deyiremeda,,
204b,204,,,synonym,species,,,,Paranthropus deyiremeda,"Nygren, 2018",,,,https://en.wikipedia.org/wiki/Australopithecus_deyiremeda,,
205,g2,,,,species,true,,,Australopithecus garhi,"Asfaw et al., 1997",,,,https://en.wikipedia.org/wiki/Australopithecus_garhi,,
206,g2,,,,species,true,,,Australopithecus sediba,"Berger et al., 2010",,,,https://en.wikipedia.org/wiki/Australopithecus_sediba,,

g1,th,,,,genus,,,,Homo,"Linnaeus, 1758",,,,https://en.wikipedia.org/wiki/Homo,,
118,g1,,,,species,false,,,Homo sapiens,"Linnaeus, 1758",,,,https://en.wikipedia.org/wiki/Human_taxonomy,,
119,g1,,,,species,true,,,Homo antecessor,"Bermúdez de Castro et al., 1997",,,,https://en.wikipedia.org/wiki/Human_taxonomy,,
120,g1,,,,species,true,,,Homo erectus,"(Dubois, 1893)",,,,https://en.wikipedia.org/wiki/Homo_erectus,,
120b,120,,,synonym,species,,,,Anthropopithecus erectus,"Dubois, 1893",,,,https://en.wikipedia.org/wiki/Homo_erectus,,
120c,120,,,synonym,species,,,,Pithecanthropus erectus,"(Dubois, 1893)",,,,https://en.wikipedia.org/wiki/Homo_erectus,,
120d,120,,,synonym,species,,,,Sinanthropus pekinensis,,,,,https://en.wikipedia.org/wiki/Homo_erectus,,
120e,120,,,synonym,species,,,,Javanthropus soloensis,,,,,https://en.wikipedia.org/wiki/Homo_erectus,,
120f,120,,,synonym,species,,,,Atlanthropus mauritanicus,,,,,https://en.wikipedia.org/wiki/Homo_erectus,,
121,g1,,,,species,true,,,Homo ergaster,"Groves and Mazák, 1975",,,,https://en.wikipedia.org/wiki/Homo_ergaster,,
121b,121,,,synonym,species,,,,Telanthropus capensis,"Broom and Robinson, 1949",,,,https://en.wikipedia.org/wiki/Homo_ergaster,,
121c,121,,,synonym,subspecies,,,,Homo erectus ergaster,"(Groves and Mazák, 1975)",,,,https://en.wikipedia.org/wiki/Homo_ergaster,,
121d,121,,,synonym,species,,,,Homo louisleakeyi,"Kretzoi, 1984",,,,https://en.wikipedia.org/wiki/Homo_ergaster,,
121e,121,,,synonym,species,,,,Homo kenyaensis,"Zeitoun, 2000",,,,https://en.wikipedia.org/wiki/Homo_ergaster,,
121f,121,,,synonym,species,,,,Homo okotensis,"Zeitoun, 2000",,,,https://en.wikipedia.org/wiki/Homo_ergaster,,
122,g1,,,,species,true,,,Homo floresiensis,"Brown et al., 2004",,,,https://en.wikipedia.org/wiki/Homo_floresiensis,,
123,g1,,,,species,true,,,Homo habilis,,,,,https://en.wikipedia.org/wiki/Homo_habilis,,
123b,123,,,synonym,species,,,,Homo microcranous,"Ferguson, 1995",,,,https://en.wikipedia.org/wiki/Homo_habilis,,
123c,123,,,synonym,species,,,,Australopithecus habilis,"Wood & Collard, 1999",,,,https://en.wikipedia.org/wiki/Homo_habilis,,
124,g1,,,,species,true,,,Homo heidelbergensis,"Schoetensack, 1908",,,,https://en.wikipedia.org/wiki/Homo_heidelbergensis,,
125,g1,,,,species,true,,,Homo luzonensis,"Détroit et al., 2019",,,,https://en.wikipedia.org/wiki/Homo_luzonensis,,
126,g1,,,,species,true,,,Homo naledi,,,,,https://en.wikipedia.org/wiki/Human_taxonomy,,
127,g1,,,,species,true,,,Homo neanderthalensis,"King, 1864",,,,https://en.wikipedia.org/wiki/Neanderthal,,
127h1,127,,,synonym,species,,,,Homo stupidus,"Haeckel, 1895",,,,https://en.wikipedia.org/wiki/Neanderthal,,
127h2,127,,,synonym,subspecies,,,,Homo europaeus primigenius,"Wilser, 1898",,,,https://en.wikipedia.org/wiki/Neanderthal,,
127h3,127,,,synonym,species,,,,Homo primigenius,"Schwalbe, 1906",,,,https://en.wikipedia.org/wiki/Neanderthal,,
127h4,127,,,synonym,species,,,,Homo antiquus,"Adloff, 1908",,,,https://en.wikipedia.org/wiki/Neanderthal,,
127h5,127,,,synonym,subspecies,,,,Homo transprimigenius mousteriensis,"Farrer, 1908",,,,https://en.wikipedia.org/wiki/Neanderthal,,
127h6,127,,,synonym,subspecies,,,,Homo mousteriensis hauseri,"Klaatsch 1909,,,,https://en.wikipedia.org/wiki/Neanderthal,,
127h7,127,,,synonym,species,,,,Homo priscus,"Krause, 1909",,,,https://en.wikipedia.org/wiki/Neanderthal,,
127h8,127,,,synonym,species,,,,Homo chapellensis,"von Buttel-Reepen, 1911",,,,https://en.wikipedia.org/wiki/Neanderthal,,
127h9,127,,,synonym,species,,,,Homo calpicus,"Keith, 1911",,,,https://en.wikipedia.org/wiki/Neanderthal,,
127h10,127,,,synonym,subspecies,,,,Homo acheulensis moustieri,"Wiegers, 1915",,,,https://en.wikipedia.org/wiki/Neanderthal,,
127h11,127,,,synonym,species,,,,Homo lemousteriensis,"Wiegers, 1915",,,,https://en.wikipedia.org/wiki/Neanderthal,,
127h12,127,,,synonym,species,,,,Homo naulettensis,"Baudouin, 1916",,,,https://en.wikipedia.org/wiki/Neanderthal,,
127h13,127,,,synonym,subspecies,,,,Homo sapiens neanderthalensis,"Kleinshmidt, 1922",,,,https://en.wikipedia.org/wiki/Neanderthal,,
127h14,127,,,synonym,species,,,,Homo heringsdorfensis,"Werthe, 1928",,,,https://en.wikipedia.org/wiki/Neanderthal,,
127h15,127,,,synonym,species,,,,Homo galilensis,"Joleaud, 1931",,,,https://en.wikipedia.org/wiki/Neanderthal,,
127h16,127,,,synonym,subspecies,,,,Homo primigenius galilaeensis,"Sklerj, 1937",,,,https://en.wikipedia.org/wiki/Neanderthal,,
127h17,127,,,synonym,species,,,,Homo kiikobiensis,"Bontsch-Osmolovskii, 1940",,,,https://en.wikipedia.org/wiki/Neanderthal,,
127h18,127,,,synonym,subspecies,,,,Homo sapiens krapinensis,"Campbell, 1962",,,,https://en.wikipedia.org/wiki/Neanderthal,,
127h19,127,,,synonym,subspecies,,,,Homo erectus mapaensis,"Kurth, 1965",,,,https://en.wikipedia.org/wiki/Neanderthal,,
127p1,127,,,synonym,species,,,,Palaeoanthropus neanderthalensis,"McCown and Keith, 1939",,,,https://en.wikipedia.org/wiki/Neanderthal,,
127p2,127,,,synonym,species,,,,Palaeoanthropus heidelbergensis,"McCown and Keith, 1939",,,,https://en.wikipedia.org/wiki/Neanderthal,,
127p3,127,,,synonym,species,,,,Palaeoanthropus ehringsdorfensis,"Paterson, 1940",,,,https://en.wikipedia.org/wiki/Neanderthal,,
127p4,127,,,synonym,species,,,,Palaeoanthropus krapinensis,"Sergi, 1911",,,,https://en.wikipedia.org/wiki/Neanderthal,,
127p5,127,,,synonym,species,,,,Palaeoanthropus palestinensis,"McCown and Keith, 1939",,,,https://en.wikipedia.org/wiki/Neanderthal,,
127p6,127,,,synonym,species,,,,Palaeoanthropus europaeus,"Sergi, 1910",,,,https://en.wikipedia.org/wiki/Neanderthal,,
127r1,127,,,synonym,species,,,,Protanthropus atavus,"Haeckel, 1895",,,,https://en.wikipedia.org/wiki/Neanderthal,,
127r2,127,,,synonym,species,,,,Protanthropus tabunensis,"Bonarelli, 1944",,,,https://en.wikipedia.org/wiki/Neanderthal,,
127a1,127,,,synonym,species,,,,Acanthropus neanderthalensis,"Arldt, 1915",,,,https://en.wikipedia.org/wiki/Neanderthal,,
127a2,127,,,synonym,species,,,,Acanthropus primigenius,"Abel, 1920",,,,https://en.wikipedia.org/wiki/Neanderthal,,
127a3,127,,,synonym,species,,,,Acanthropus neanderthalensis,"Dawkins, 1926",,,,https://en.wikipedia.org/wiki/Neanderthal,,
128,g1,128b,,,species,true,,,Homo rudolfensis,"(Alekseyev, 1986)",,,,https://en.wikipedia.org/wiki/Homo_rudolfensis,,
128b,128,,,synonym,species,,,,Pithecanthropus rudolfensis,"Alekseyev, 1986",,,,https://en.wikipedia.org/wiki/Homo_rudolfensis,,
128c,128,,,synonym,species,,,,Australopithecus rudolfensis,"(Alekseyev, 1986)",,,,https://en.wikipedia.org/wiki/Homo_rudolfensis,,
128d,128,,,synonym,species,,,,Kenyanthropus rudolfensis,"(Cameron, 2003)",,,,https://en.wikipedia.org/wiki/Homo_rudolfensis,,

g28,f,,,,genus,true,,,Buronius,"Böhme et al., 2024",Böhme2024,,,https://doi.org/10.1371/journal.pone.0301002,,
2800,g28,,,,species,true,,,Buronius manfredschmidi,"Böhme et al., 2024",Böhme2024,,,https://doi.org/10.1371/journal.pone.0301002,,
